postprocess_norm,postprocess_group
去毛刺,去毛刺
Deburr,去毛刺
本色去毛刺,去毛刺
本色,去毛刺
未标注,去毛刺
钝化,钝化
Passivation,钝化
电解抛光,电解抛光
Electropolish,电解抛光
抛光,喷砂抛光
镜面抛光,喷砂抛光
镜面8抛光,喷砂抛光
滚筒抛光,喷砂抛光
喷砂,喷砂抛光
喷砂处理,喷砂抛光
玻璃珠喷砂,喷砂抛光
玻璃珠喷砂或拉丝,喷砂抛光
缎面喷砂,喷砂抛光
滚压光整,喷砂抛光
拉丝,喷砂抛光
本色阳极氧化,阳极氧化
阳极氧化,阳极氧化
黑色阳极氧化,阳极氧化
II型阳极氧化,阳极氧化
II型阳极氧化（蓝色）,阳极氧化
氮化,热处理
氮化硬化,热处理
nitriert/氮化,热处理
渗氮,热处理
真空硬化RC 46-50,热处理
真空热处理,热处理
热处理,热处理
淬火并回火,热处理
渗碳淬火处理,热处理
调质处理,热处理
稳定化处理,热处理
发黑,电镀涂层
发黑处理,电镀涂层
氧化发黑,电镀涂层
镀锌,电镀涂层
镀白锌,电镀涂层
镀白色锌,电镀涂层
镀镍,电镀涂层
硬镍涂层,电镀涂层
三价铬电镀,电镀涂层
BORINOX® NC涂层,电镀涂层
涂层TiAlN,电镀涂层
黑色电泳涂层,电镀涂层
粉末喷涂,电镀涂层
镭雕,镭雕
激光打标,镭雕
焊接镭雕,焊接
焊接,焊接
菱形滚花,其他后处理
雕刻文字,其他后处理
雕刻+螺纹套,其他后处理
